{"stats":{"minecraft:custom":{"minecraft:jump":126,"minecraft:time_since_rest":5072,"minecraft:leave_game":1,"minecraft:crouch_one_cm":973,"minecraft:damage_taken":20,"minecraft:sprint_one_cm":18683,"minecraft:play_time":5072,"minecraft:walk_on_water_one_cm":359,"minecraft:time_since_death":5072,"minecraft:walk_one_cm":6345,"minecraft:sneak_time":730,"minecraft:climb_one_cm":1196,"minecraft:total_world_time":5072,"minecraft:talked_to_villager":1,"minecraft:drop":1,"minecraft:fall_one_cm":4322,"minecraft:fly_one_cm":35316},"minecraft:dropped":{"minecraft:wheat_seeds":1},"minecraft:picked_up":{"minecraft:wheat_seeds":1}},"DataVersion":3465}