{"stats":{"minecraft:picked_up":{"minecraft:cocoa_beans":8,"minecraft:stick":12,"minecraft:apple":3,"minecraft:jungle_log":11,"minecraft:oak_log":20,"minecraft:jungle_sapling":1,"minecraft:oak_sapling":13},"minecraft:custom":{"minecraft:time_since_rest":2241,"minecraft:crouch_one_cm":237,"minecraft:sprint_one_cm":8215,"minecraft:play_time":4285,"minecraft:walk_one_cm":5714,"minecraft:deaths":1,"minecraft:sneak_time":76,"minecraft:walk_under_water_one_cm":2405,"minecraft:jump":39,"minecraft:leave_game":2,"minecraft:time_since_death":2151,"minecraft:walk_on_water_one_cm":271,"minecraft:total_world_time":4285,"minecraft:swim_one_cm":898,"minecraft:fall_one_cm":1788,"minecraft:fly_one_cm":39965},"minecraft:mined":{"minecraft:grass":2,"minecraft:oak_log":27,"minecraft:jungle_log":11},"minecraft:used":{"minecraft:iron_axe":42}},"DataVersion":3465}